姓名,性别,出生日期
姓名0,男,1990-01-01
姓名1,男,1990-01-01
姓名2,男,1990-01-01
姓名3,男,1990-01-01
姓名4,男,1990-01-01
姓名5,男,1990-01-01
姓名6,男,1990-01-01
姓名7,男,1990-01-01
姓名8,男,1990-01-01
姓名9,男,1990-01-01
姓名10,男,1990-01-01
姓名11,男,1990-01-01
姓名12,男,1990-01-01
姓名13,男,1990-01-01
姓名14,男,1990-01-01
姓名15,男,1990-01-01
姓名16,男,1990-01-01
姓名17,男,1990-01-01
姓名18,男,1990-01-01
姓名19,男,1990-01-01
姓名20,男,1990-01-01
姓名21,男,1990-01-01
姓名22,男,1990-01-01
姓名23,男,1990-01-01
姓名24,男,1990-01-01
姓名25,男,1990-01-01
姓名26,男,1990-01-01
姓名27,男,1990-01-01
姓名28,男,1990-01-01
姓名29,男,1990-01-01
姓名30,男,1990-01-01
姓名31,男,1990-01-01
姓名32,男,1990-01-01
姓名33,男,1990-01-01
姓名34,男,1990-01-01
姓名35,男,1990-01-01
姓名36,男,1990-01-01
姓名37,男,1990-01-01
姓名38,男,1990-01-01
姓名39,男,1990-01-01
姓名40,男,1990-01-01
姓名41,男,1990-01-01
姓名42,男,1990-01-01
姓名43,男,1990-01-01
姓名44,男,1990-01-01
姓名45,男,1990-01-01
姓名46,男,1990-01-01
姓名47,男,1990-01-01
姓名48,男,1990-01-01
姓名49,男,1990-01-01
姓名50,男,1990-01-01
姓名51,男,1990-01-01
姓名52,男,1990-01-01
姓名53,男,1990-01-01
姓名54,男,1990-01-01
姓名55,男,1990-01-01
姓名56,男,1990-01-01
姓名57,男,1990-01-01
姓名58,男,1990-01-01
姓名59,男,1990-01-01
姓名60,男,1990-01-01
姓名61,男,1990-01-01
姓名62,男,1990-01-01
姓名63,男,1990-01-01
姓名64,男,1990-01-01
姓名65,男,1990-01-01
姓名66,男,1990-01-01
姓名67,男,1990-01-01
姓名68,男,1990-01-01
姓名69,男,1990-01-01
姓名70,男,1990-01-01
姓名71,男,1990-01-01
姓名72,男,1990-01-01
姓名73,男,1990-01-01
姓名74,男,1990-01-01
姓名75,男,1990-01-01
姓名76,男,1990-01-01
姓名77,男,1990-01-01
姓名78,男,1990-01-01
姓名79,男,1990-01-01
姓名80,男,1990-01-01
姓名81,男,1990-01-01
姓名82,男,1990-01-01
姓名83,男,1990-01-01
姓名84,男,1990-01-01
姓名85,男,1990-01-01
姓名86,男,1990-01-01
姓名87,男,1990-01-01
姓名88,男,1990-01-01
姓名89,男,1990-01-01
姓名90,男,1990-01-01
姓名91,男,1990-01-01
姓名92,男,1990-01-01
姓名93,男,1990-01-01
姓名94,男,1990-01-01
姓名95,男,1990-01-01
姓名96,男,1990-01-01
姓名97,男,1990-01-01
姓名98,男,1990-01-01
姓名99,男,1990-01-01
